categoria,subcategoria
Bricolaje y construcción,Construcción
Bricolaje y construcción,Suelos y revestimientos
Bricolaje y construcción,Ventanas y puertas
Bricolaje y construcción,Herramientas
Bricolaje y construcción,Cocina
Bricolaje y construcción,Baño
Bricolaje y construcción,Fontanería
Bricolaje y construcción,Electricidad
Bricolaje y construcción,Iluminación
Bricolaje y construcción,Pintura
Envases y embalajes,Vasos
Envases y embalajes,Cuencos
Envases y embalajes,Tarrinas
Envases y embalajes,Envases take away
Envases y embalajes,Platos
Envases y embalajes,Bolsas de papel
Envases y embalajes,Cubiertos de madera
Envases y embalajes,Cañitas de papel
Papelería y ofimática,(por definir)
Fotografía,(por definir)
Hogar,(por definir)
Servicios,Always Market
Servicios,Always Sanguar
Servicios,Reformas y construcciones
Servicios,Planificación y asesoramiento
Servicios,Personalización de productos
Servicios,Envíos a domicilio y recogida
